{
 "templeR0013": [
  [
   0.9999999980543895,
   -6.182408926944955e-05,
   -8.306796998914683e-06,
   1.0917390132290564e-06
  ],
  [
   6.182388406248227e-05,
   0.9999999977838219,
   -2.4701486807725186e-05,
   -1.9898691499484478e-06
  ],
  [
   8.308324127451601e-06,
   2.4700973201204137e-05,
   0.9999999996604169,
   -1.1492911749073378e-05
  ]
 ],
 "templeR0042": [
  [
   -0.9998470379537134,
   -0.009192063635181609,
   0.014879739961181438,
   0.018591536609984815
  ],
  [
   0.010130383393360275,
   -0.9978814593930058,
   0.06426482966590973,
   -0.9990698770119252
  ],
  [
   0.01425749022405901,
   0.06440573705666004,
   0.9978219405318254,
   0.03903046339914666
  ]
 ],
 "templeR0044": [
  [
   -0.9991478394424469,
   -0.04042209785379156,
   0.00834559420225727,
   0.09286156486644996
  ],
  [
   0.04067223467202589,
   -0.9298103170400308,
   0.36578483245304344,
   -4.5206373633868715
  ],
  [
   -0.007025970699761395,
   0.36581255901214754,
   0.9306620264116888,
   0.7137085921286211
  ]
 ],
 "templeR0032": [
  [
   -0.9846087680472203,
   0.06666050049852625,
   0.16156098402096025,
   -1.6164307850677808
  ],
  [
   0.08058719271419167,
   -0.6471098882577901,
   0.7581256471650567,
   -9.073945833591841
  ],
  [
   0.15508474539741401,
   0.7594769056345797,
   0.631778087268578,
   4.028341989856674
  ]
 ],
 "templeR0034": [
  [
   -0.9825520348342346,
   0.06378316666426578,
   0.17470891932979157,
   -1.7693535014057569
  ],
  [
   0.11242098045723967,
   -0.5446535873485102,
   0.831092048416679,
   -9.963193883815002
  ],
  [
   0.14816552229225957,
   0.8362321313120402,
   0.5279799243959802,
   5.167143349452972
  ]
 ],
 "templeR0036": [
  [
   -0.9840922105876501,
   0.018272191350462888,
   0.17671629263869326,
   -1.8161414076459597
  ],
  [
   0.15837353559350087,
   -0.36048983345911356,
   0.9192197251997124,
   -11.00619797503259
  ],
  [
   0.08050058561480361,
   0.9325841554497228,
   0.3518614055559395,
   7.369880859027894
  ]
 ],
 "templeR0038": [
  [
   -0.9809971801971396,
   -0.005792287327110457,
   0.19393550951999755,
   -2.0321670150576994
  ],
  [
   0.19344417544315187,
   -0.10628362795397495,
   0.9753374500223299,
   -11.63525033438606
  ],
  [
   0.014962734789467497,
   0.9943189829408176,
   0.10538442356989486,
   10.272692763745088
  ]
 ],
 "templeR0015": [
  [
   0.9991063465078596,
   -0.041482378985863703,
   -0.00810682437148455,
   0.08781290385743393
  ],
  [
   0.041975824456505446,
   0.951320875832604,
   0.3053303479287374,
   -3.586848054007561
  ],
  [
   -0.004953637947363732,
   -0.3053977790337716,
   0.9522119816681189,
   0.5016801102205635
  ]
 ],
 "templeR0017": [
  [
   0.9965879213554601,
   -0.08010598222718597,
   -0.019888353874089194,
   0.22417242706741505
  ],
  [
   0.07769842677086745,
   0.8292144121817325,
   0.5535037606985482,
   -6.518660278074424
  ],
  [
   -0.027847252750233364,
   -0.5531604561440753,
   0.83260917618817,
   1.857066565939124
  ]
 ],
 "templeR0019": [
  [
   0.9880820069987857,
   -0.1536137635794729,
   -0.00983661955151905,
   0.12716605895269228
  ],
  [
   0.10792379627664657,
   0.6457922703003539,
   0.7558470730363063,
   -8.919714117015877
  ],
  [
   -0.1097561007073794,
   -0.7479004982344004,
   0.654674303068516,
   3.863630591582474
  ]
 ],
 "templeR0021": [
  [
   0.9870198837518666,
   -0.14901984194448648,
   -0.05987349818819657,
   0.7003196143746258
  ],
  [
   0.12336407923558651,
   0.4648215022121242,
   0.8767680850918446,
   -10.391952137673755
  ],
  [
   -0.10282535209182433,
   -0.8727737723992995,
   0.4771717606680931,
   5.9901581188943
  ]
 ]
}